{
    "loss": 0.5965849161148071,
    "accuracy": 0.8571428656578064
}