{
    "loss": 0.5661860108375549,
    "accuracy": 0.8775510191917419
}